,accuracy,auc,loss,val_accuracy,val_auc,val_loss
0,0.5920000076293945,0.4935151934623718,0.17035804688930511,0.421999990940094,0.4997027516365051,0.19309502840042114
1,0.6082000136375427,0.4857388436794281,0.15716738998889923,0.421999990940094,0.4982881546020508,0.2001069188117981
2,0.6086000204086304,0.5177513957023621,0.15455219149589539,0.4180000126361847,0.49721914529800415,0.19107897579669952
3,0.6079999804496765,0.5164195895195007,0.15341506898403168,0.4180000126361847,0.523971676826477,0.19784539937973022
4,0.6061999797821045,0.5273861885070801,0.15200571715831757,0.41499999165534973,0.5186775922775269,0.1914486438035965
5,0.6078000068664551,0.5404940843582153,0.15016159415245056,0.4189999997615814,0.5127691030502319,0.1933361291885376
6,0.6075999736785889,0.5603219866752625,0.148614302277565,0.4189999997615814,0.5265739560127258,0.1977817863225937
7,0.6074000000953674,0.5685789585113525,0.14737911522388458,0.4129999876022339,0.5205606818199158,0.19614721834659576
